ID,prediction,probability_of_default
12127046,0,0.48
12210150,0,0.44
12170397,0,0.48
12159662,1,0.52
12178498,1,0.57
12211396,0,0.48
12191314,0,0.41
12178207,0,0.48
12138307,0,0.45
12209444,0,0.45
12168913,0,0.49
12142827,0,0.47
12109845,0,0.5
12189965,0,0.44
12127034,1,0.51
12120648,0,0.39
12164520,0,0.49
12118406,0,0.42
12123392,0,0.37
12208116,0,0.46
12112563,0,0.49
12157149,0,0.38
12136651,0,0.41
12164222,0,0.46
12189963,0,0.36
12112179,1,0.52
12156717,0,0.5
12135416,0,0.42
12163205,0,0.49
12121045,0,0.33
12154811,0,0.45
12184850,0,0.5
12169833,0,0.45
12139359,0,0.42
12159640,0,0.4
12187513,0,0.46
12107949,1,0.52
12128949,0,0.46
12207007,1,0.53
12141558,0,0.35
12194015,0,0.42
12175676,1,0.54
12137629,0,0.47
12221280,1,0.65
12115580,1,0.53
12131771,1,0.51
12171825,0,0.48
12213997,0,0.49
12144194,0,0.45
12204121,0,0.43
12111837,1,0.54
12207747,0,0.44
12202403,0,0.42
12160895,1,0.55
12179838,1,0.52
12127361,0,0.42
12100928,0,0.38
12120742,0,0.42
12165082,0,0.46
12220145,1,0.51
12101754,1,0.53
12185170,0,0.42
12110188,0,0.41
12204821,0,0.39
12196504,0,0.45
12195884,1,0.55
12118311,1,0.53
12113816,1,0.54
12123765,0,0.44
12112030,0,0.45
12114582,0,0.5
12170134,0,0.5
12161607,0,0.43
12188894,0,0.44
12186293,0,0.39
12128676,1,0.54
12190238,0,0.47
12213345,0,0.48
12131864,0,0.41
12164241,0,0.4
12145259,0,0.35
12151245,0,0.47
12195337,0,0.5
12193671,1,0.51
12194611,0,0.37
12118530,0,0.37
12131704,1,0.59
12126816,0,0.5
12118621,0,0.46
12219480,1,0.57
12150864,0,0.33
12168613,1,0.56
12178581,0,0.48
12142340,0,0.45
12108064,0,0.48
12176490,0,0.44
12192294,0,0.45
12219213,0,0.45
12191490,0,0.4
12171486,0,0.48
12221849,0,0.49
12170734,0,0.43
12102373,0,0.43
12173024,1,0.53
12220704,0,0.48
12167642,0,0.48
12134054,1,0.6
12210254,0,0.42
12173138,1,0.52
12128280,0,0.42
12167969,0,0.44
12113451,0,0.46
12212709,1,0.52
12105356,0,0.49
12142285,1,0.51
12183621,1,0.51
12190660,0,0.45
12215846,1,0.53
12171963,0,0.42
12179613,0,0.42
12189704,0,0.46
12218413,0,0.49
12138206,1,0.54
12143879,0,0.37
12136610,0,0.39
12117828,0,0.32
12215510,0,0.49
12118538,0,0.46
12169620,0,0.46
12221055,0,0.5
12216145,0,0.45
12185033,0,0.46
12103436,0,0.4
12206908,1,0.53
12118671,0,0.41
12108664,0,0.4
12136087,0,0.5
12197661,1,0.52
12219463,1,0.53
12197656,1,0.57
12161438,0,0.43
12190681,0,0.49
12102559,0,0.47
12197713,0,0.42
12146464,0,0.4
12120350,0,0.47
12131707,0,0.38
12162039,0,0.38
12198878,0,0.5
12126188,0,0.43
12134674,0,0.45
12176061,0,0.39
12168783,1,0.51
12203356,0,0.45
12114308,0,0.35
12113115,0,0.47
12116731,1,0.55
12152203,0,0.43
12136717,0,0.43
12211904,0,0.49
12113539,1,0.55
12182355,0,0.47
12182644,0,0.4
12178382,0,0.32
12182650,0,0.45
12152216,0,0.44
12125046,0,0.5
12214934,0,0.41
12142230,0,0.47
12208074,0,0.4
12160683,0,0.45
12112165,0,0.41
12208187,1,0.53
12180171,1,0.58
12129823,0,0.46
12111299,1,0.57
12165702,1,0.54
12105656,1,0.51
12106958,0,0.43
12168040,0,0.38
12165390,0,0.43
12105861,0,0.42
12171015,0,0.44
12170883,0,0.41
12154996,1,0.55
12161264,0,0.42
12220095,0,0.42
12184709,1,0.56
12216296,1,0.52
12196019,1,0.52
12118220,0,0.48
12165735,0,0.47
12155484,0,0.47
12180010,0,0.45
12211250,0,0.47
12101532,0,0.46
12127791,0,0.43
12182306,0,0.41
12169150,0,0.44
12130614,0,0.45
12102124,1,0.52
12108661,0,0.48
12155376,0,0.46
12153292,1,0.51
12180936,0,0.5
12123784,0,0.42
12164057,0,0.45
12217625,0,0.42
12101489,0,0.43
12153230,0,0.35
12154565,1,0.51
12127121,0,0.42
12102658,0,0.41
12204631,0,0.45
12141832,0,0.44
12154745,0,0.43
12169327,0,0.45
12149123,1,0.54
12124241,1,0.55
12129619,0,0.43
12102719,0,0.38
12125158,1,0.52
12197481,0,0.48
12114602,0,0.45
12121678,0,0.49
12138794,0,0.49
12134541,1,0.62
12131112,0,0.48
12170099,0,0.49
12141470,0,0.47
12168267,0,0.44
12120082,0,0.44
12198420,0,0.4
12131765,0,0.47
12177484,0,0.48
12115829,0,0.46
12213029,0,0.42
12196985,0,0.44
12143858,0,0.49
12171229,1,0.55
12166441,0,0.5
12150153,1,0.57
12167367,0,0.47
12136963,0,0.49
12103273,0,0.45
12122149,0,0.45
12179132,0,0.44
12177118,1,0.51
12213721,0,0.45
12132182,1,0.52
12100781,1,0.53
12186385,1,0.6
12181490,0,0.49
12116307,0,0.49
12219888,0,0.46
12201679,1,0.51
12199564,0,0.49
12169511,0,0.46
12138764,0,0.39
12185782,1,0.54
12134066,1,0.57
12206615,1,0.52
12108040,1,0.54
12189289,1,0.56
12114630,1,0.52
12168011,0,0.49
12106580,0,0.44
12216013,0,0.45
12218857,0,0.44
12152826,0,0.45
12164036,0,0.48
12164443,1,0.54
12167749,0,0.44
12110772,0,0.46
12109659,0,0.41
12171932,0,0.47
12153556,0,0.4
12113776,1,0.59
12221231,0,0.43
12111456,0,0.37
12123486,1,0.57
12148424,0,0.46
12211702,1,0.54
12166379,0,0.38
12205993,0,0.41
12117867,1,0.53
12102031,0,0.45
12117612,1,0.51
12147835,0,0.41
12132844,0,0.44
12220165,0,0.46
12162132,0,0.4
12108271,1,0.51
12141818,1,0.51
12166226,1,0.58
12219883,0,0.43
12158374,0,0.43
12206664,0,0.45
12152093,1,0.53
12156148,0,0.43
12171280,0,0.44
12104801,0,0.48
12195580,0,0.48
12125691,0,0.38
12130282,0,0.44
12218246,0,0.48
12109565,1,0.56
12195915,1,0.51
12166520,1,0.53
12168960,0,0.45
12221659,0,0.45
12152859,0,0.48
12217531,0,0.48
12185730,0,0.4
12149859,0,0.44
12102360,0,0.43
12204657,0,0.38
12214755,0,0.43
12126233,1,0.51
12100143,0,0.48
12148915,0,0.39
12209032,0,0.44
12111027,0,0.49
12118387,1,0.56
12179946,1,0.53
12171025,0,0.4
12211647,0,0.49
12104769,0,0.47
12168857,0,0.4
12221170,0,0.44
12142112,0,0.41
12123049,0,0.45
12198489,0,0.44
12210290,0,0.46
12137691,0,0.49
12191997,0,0.37
12172232,1,0.54
12175441,0,0.45
12120119,1,0.51
12221548,0,0.49
12158126,0,0.5
12153807,0,0.43
12155387,1,0.53
12207345,1,0.51
12161426,0,0.48
12192975,0,0.49
12163643,0,0.43
12150942,0,0.39
12132973,0,0.49
12165965,0,0.45
12106764,0,0.44
12207396,1,0.54
12160945,1,0.52
12129078,0,0.45
12218185,1,0.55
12183378,0,0.44
12177129,0,0.4
12207346,0,0.4
12205617,0,0.39
12209641,1,0.51
12116063,1,0.51
12129320,1,0.56
12135879,0,0.42
12116035,0,0.41
12171629,0,0.47
12150242,0,0.46
12175218,0,0.46
12196679,0,0.48
12212100,0,0.46
12169540,0,0.5
12192700,0,0.46
12207187,0,0.39
12105549,0,0.44
12124717,0,0.36
12200160,1,0.54
12133274,0,0.49
12164907,0,0.44
12157615,1,0.52
12185452,0,0.47
12125958,1,0.54
12175364,0,0.42
12181097,1,0.52
12169065,0,0.49
12219371,1,0.54
12180106,1,0.52
12158424,1,0.52
12167636,0,0.44
12118380,0,0.45
12181392,0,0.4
12122410,1,0.51
12181629,0,0.47
12184800,0,0.42
12135085,0,0.44
12139460,0,0.5
12173729,0,0.46
12138154,0,0.49
12173046,0,0.39
12213438,0,0.47
12191472,1,0.57
12114773,0,0.37
12147768,0,0.44
12153904,0,0.47
12218804,0,0.45
12100738,1,0.53
12117455,0,0.5
12214537,1,0.53
12211050,0,0.44
12135217,0,0.47
12148040,0,0.3
12122470,0,0.43
12209211,1,0.56
12130044,1,0.51
12215235,0,0.47
12152071,1,0.54
12214828,0,0.44
12129197,0,0.49
12122668,0,0.36
12129219,0,0.35
12126775,0,0.45
12187071,1,0.51
12190587,0,0.49
12166652,1,0.53
12156245,0,0.5
12200400,0,0.43
12128519,0,0.48
12167929,0,0.47
12137924,0,0.47
12172186,0,0.48
12210434,0,0.4
12134050,0,0.46
12173537,0,0.46
12181760,0,0.43
12196981,0,0.49
12186411,0,0.39
12145742,0,0.45
12155079,0,0.46
12202907,1,0.58
12139172,1,0.52
12198045,0,0.46
12171048,0,0.46
12219328,0,0.34
12119862,0,0.44
12126274,1,0.51
12203566,0,0.42
12195046,0,0.41
12147708,0,0.49
12220260,1,0.53
12102519,1,0.57
12108153,0,0.38
12185410,1,0.52
12208281,0,0.4
12139781,0,0.49
12217870,0,0.44
12117097,0,0.42
12190853,0,0.42
12212851,0,0.46
12171560,0,0.47
12219950,1,0.6
12189874,1,0.53
12191073,1,0.54
12141658,1,0.52
12137385,1,0.54
12185056,1,0.56
12166701,0,0.48
12148898,0,0.47
12104497,0,0.3
12144876,0,0.44
12126266,0,0.43
12125932,0,0.43
12218627,1,0.51
12159844,0,0.46
12114989,0,0.33
12162277,1,0.51
12117187,0,0.35
12100571,0,0.4
12133566,1,0.52
12206643,0,0.5
12206803,1,0.6
12123288,0,0.5
12160531,0,0.47
12175875,0,0.38
12210923,0,0.48
12130488,1,0.52
12100505,0,0.48
12141094,0,0.49
12134881,0,0.47
12198955,1,0.52
12181386,0,0.44
12200718,0,0.47
12110158,0,0.43
12152606,0,0.41
12175132,0,0.43
12149881,0,0.42
12219028,1,0.55
12210508,0,0.49
12119808,0,0.47
12174738,0,0.43
12181935,0,0.49
12206613,0,0.47
12206016,1,0.52
12213367,1,0.54
12103763,1,0.52
12202056,1,0.51
12199263,0,0.44
12163223,1,0.54
12153865,0,0.49
12167222,0,0.37
12196849,0,0.48
12131522,0,0.47
12130188,0,0.49
12180218,1,0.55
12131125,0,0.44
12163569,0,0.45
12217145,0,0.49
12219210,0,0.44
12173295,0,0.47
12144346,0,0.47
12139416,1,0.57
12163683,0,0.48
12185065,1,0.51
12215342,1,0.55
12147387,1,0.52
12211019,1,0.51
12198180,0,0.45
12132139,0,0.42
12124321,1,0.53
12191491,0,0.41
12204646,0,0.43
12219725,0,0.47
12180852,0,0.5
12167342,0,0.43
12192722,0,0.42
12142324,0,0.47
12195111,0,0.46
12103755,0,0.46
12168081,0,0.49
12107254,0,0.48
12215189,1,0.54
12128756,0,0.45
12192510,1,0.53
12202133,1,0.51
12111087,0,0.46
12138991,0,0.44
12122043,0,0.49
12149858,0,0.41
12174808,0,0.46
12133091,0,0.41
12147413,0,0.43
12110788,1,0.52
12103672,0,0.47
12187845,0,0.45
12219627,0,0.48
12176019,1,0.52
12217326,0,0.47
12187486,0,0.43
12177990,1,0.51
12199962,0,0.46
12158808,0,0.35
12194900,0,0.47
12213738,0,0.43
12156261,0,0.48
12106673,0,0.48
12213537,0,0.47
12169318,0,0.39
12103016,0,0.49
12128967,0,0.42
12143220,1,0.51
12132470,1,0.51
12180251,0,0.4
12188510,0,0.44
12220687,1,0.62
12142731,1,0.53
12173064,0,0.43
12103765,0,0.5
12179534,1,0.54
12202581,0,0.44
12147742,0,0.47
12114285,0,0.49
12101588,0,0.5
12189858,0,0.42
12186780,0,0.48
12140706,0,0.49
12143594,0,0.49
12204578,0,0.46
12218496,1,0.51
12209069,0,0.48
12216388,0,0.44
12172533,0,0.43
12217704,1,0.54
12186738,0,0.42
12212698,1,0.51
12185195,1,0.54
12163468,0,0.45
12139740,1,0.55
12109704,0,0.37
12123579,0,0.38
12145248,0,0.45
12118753,0,0.43
12212379,0,0.37
12177815,0,0.45
12204144,1,0.53
12133146,1,0.6
12171376,0,0.5
12185910,1,0.51
12185481,0,0.38
12107296,1,0.52
12181739,1,0.57
12161503,0,0.48
12206813,0,0.5
12171545,0,0.49
12217241,1,0.52
12214455,0,0.48
12134458,0,0.42
12214925,0,0.47
12129542,0,0.36
12168530,1,0.52
12128100,0,0.49
12200711,1,0.55
12124961,0,0.37
12124305,0,0.5
12141339,0,0.43
12173458,0,0.45
12174190,0,0.46
12187743,0,0.46
12207779,0,0.5
12192169,1,0.52
12104279,1,0.51
12110526,0,0.49
12122890,0,0.46
12182859,0,0.47
12190304,0,0.49
12141678,0,0.39
12180244,0,0.47
12192937,0,0.48
12156092,0,0.44
12129871,0,0.44
12216681,0,0.47
12146293,0,0.38
12146821,1,0.55
12140061,0,0.48
12201928,0,0.46
12114695,1,0.58
12174813,0,0.47
12173893,0,0.4
12152890,0,0.4
12129460,0,0.49
12145344,0,0.48
12170689,0,0.42
12125802,0,0.39
12136875,0,0.5
12104018,0,0.48
12133911,0,0.34
12154905,0,0.35
12105117,0,0.45
12188100,1,0.54
12204594,0,0.4
12115064,0,0.45
12125752,0,0.5
12111275,0,0.46
12206419,1,0.54
12209867,0,0.42
12145534,0,0.5
12218996,1,0.6
12149014,0,0.5
12160792,0,0.45
12216369,0,0.43
12128965,1,0.54
12134854,0,0.36
12175385,0,0.49
12174602,1,0.53
12104029,1,0.51
12139841,0,0.39
12110289,0,0.5
12101323,0,0.39
12124342,0,0.47
12181930,1,0.52
12173391,0,0.44
12152720,0,0.44
12176584,0,0.44
12102980,0,0.48
12160668,0,0.5
12209052,0,0.48
12195502,1,0.58
12117823,0,0.42
12137745,1,0.54
12138948,0,0.45
12219283,0,0.37
12188757,0,0.41
12165947,0,0.38
12149277,0,0.42
12150562,0,0.46
12124721,0,0.44
12190573,1,0.52
12172844,0,0.35
12143335,0,0.49
12202019,0,0.48
12125391,0,0.34
12180906,1,0.56
12124102,0,0.42
12166067,0,0.41
12214738,0,0.47
12218787,1,0.55
12143318,0,0.4
12206786,0,0.5
12216864,1,0.55
12179499,0,0.5
12104721,0,0.46
12178471,0,0.5
12180927,0,0.48
12117905,0,0.5
12153374,0,0.39
12160480,0,0.49
12173273,0,0.41
12161818,0,0.44
12133032,1,0.51
12139985,0,0.46
12112529,0,0.47
12160162,0,0.43
12160479,0,0.39
12170655,0,0.49
12108177,0,0.4
12116673,0,0.45
12146842,0,0.44
12102429,0,0.43
12213484,0,0.47
12206247,0,0.39
12167557,1,0.52
12198786,0,0.43
12157709,0,0.41
12192167,0,0.49
12208854,0,0.5
12150885,1,0.51
12137122,0,0.47
12199553,1,0.53
12162282,0,0.39
12190408,0,0.48
12179333,0,0.47
12109936,1,0.56
12137672,0,0.48
12199824,1,0.51
12190114,0,0.47
12211323,1,0.54
12140130,0,0.47
12139739,0,0.47
12214242,0,0.43
12193447,0,0.32
12150957,0,0.43
12121821,0,0.49
12184421,0,0.46
12196780,0,0.49
12144262,0,0.46
12137867,1,0.55
12183478,1,0.51
12155177,0,0.46
12219851,1,0.55
12195353,0,0.5
12118351,0,0.47
12202710,1,0.54
12127371,0,0.46
12159057,0,0.43
12183699,0,0.5
12221704,1,0.56
12193637,0,0.44
12113962,0,0.48
12165297,0,0.45
12171550,1,0.55
12137990,0,0.46
12140009,0,0.44
12130399,0,0.39
12189667,1,0.57
12177027,0,0.47
12189400,0,0.5
12138734,0,0.38
12158434,0,0.38
12114181,0,0.47
12138699,1,0.51
12105163,0,0.46
12170905,0,0.49
12176036,0,0.5
12122458,0,0.4
12100848,0,0.43
12116554,0,0.4
12172679,0,0.5
12114342,0,0.41
12168065,0,0.4
12146245,0,0.47
12175203,0,0.42
12173791,0,0.46
12142071,1,0.52
12140680,0,0.42
12169675,0,0.37
12102183,0,0.46
12212567,0,0.46
12135038,0,0.47
12176692,0,0.46
12113348,0,0.5
12141475,0,0.47
12130529,1,0.54
12217808,1,0.56
12135090,1,0.58
12205555,1,0.55
12131888,1,0.51
12201473,0,0.41
12188123,0,0.44
12131780,0,0.44
12146370,1,0.51
12134914,0,0.44
12220903,1,0.54
12139657,0,0.48
12179642,0,0.44
12184361,0,0.42
12138645,0,0.43
12129334,0,0.4
12100627,0,0.47
12137450,0,0.49
12108611,0,0.42
12194878,0,0.49
12144007,1,0.56
12102361,0,0.4
12150831,1,0.54
12135558,0,0.44
12173621,0,0.37
12133428,0,0.45
12196515,0,0.47
12167661,1,0.57
12173718,0,0.35
12125354,0,0.4
12192423,0,0.43
12193431,0,0.45
12156350,1,0.52
12219185,0,0.49
12119591,1,0.51
12144062,0,0.47
12168490,0,0.49
12185968,0,0.44
12180260,0,0.45
12183249,0,0.45
12121334,0,0.37
12131735,0,0.44
12131843,0,0.42
12207896,0,0.43
12116483,0,0.38
12179240,0,0.42
12179297,0,0.49
12212456,0,0.47
12214584,1,0.55
12120840,1,0.51
12212417,0,0.46
12145931,1,0.56
12191557,1,0.54
12210976,1,0.57
12162025,1,0.57
12159182,0,0.5
12183655,1,0.55
12128594,0,0.39
12126973,0,0.5
12126525,0,0.44
12187589,0,0.35
12151108,1,0.51
12169564,0,0.45
12119096,0,0.47
12123378,0,0.49
12104344,0,0.38
12172101,0,0.49
12221038,1,0.56
12194633,0,0.5
12102837,1,0.53
12212014,1,0.54
12135102,0,0.47
12149138,0,0.45
12164005,0,0.5
12139214,0,0.5
12175860,0,0.46
12189885,1,0.55
12145274,1,0.56
12158569,0,0.37
12135911,0,0.45
12124891,0,0.35
12185964,0,0.41
12132730,0,0.49
12116107,1,0.59
12210142,1,0.52
12156322,0,0.41
12183526,0,0.47
12211723,1,0.51
12107252,0,0.47
12110040,1,0.52
12165222,1,0.55
12164495,0,0.37
12214823,1,0.52
12204482,1,0.54
12212049,0,0.5
12175007,0,0.42
12169347,0,0.5
12198782,1,0.53
12102593,0,0.46
12123703,0,0.45
12162202,0,0.48
12125490,1,0.52
12119782,0,0.47
12120665,0,0.36
12174666,1,0.52
12150726,0,0.45
12165454,0,0.44
12112452,0,0.5
12179062,0,0.48
12126439,0,0.48
12208754,1,0.53
12165777,0,0.46
12175155,0,0.45
12170176,1,0.56
12220370,1,0.67
12121900,1,0.55
12142741,0,0.48
12189424,0,0.4
12143366,1,0.51
12110436,0,0.35
12185875,1,0.51
12164604,1,0.51
12100017,0,0.45
12180206,0,0.49
12132548,1,0.54
12175768,1,0.56
12124631,0,0.46
12155306,0,0.44
12159751,1,0.51
12156011,0,0.48
12151764,0,0.45
12205566,1,0.55
12121562,0,0.44
12149160,0,0.42
12214392,0,0.43
12134669,1,0.51
12131252,0,0.45
12208826,0,0.46
12114015,0,0.49
12105043,0,0.42
12183989,0,0.45
12195209,1,0.55
12134109,0,0.41
12103653,0,0.49
12200663,0,0.48
12180035,1,0.55
12220558,0,0.49
12177417,1,0.53
12202407,0,0.45
12164512,0,0.4
12130113,0,0.46
12145241,0,0.5
12127180,0,0.43
12142183,0,0.41
12204977,1,0.51
12110777,0,0.5
12168411,0,0.46
12214891,1,0.56
12134780,0,0.45
12182678,0,0.48
12162717,0,0.35
12157995,0,0.5
12125042,0,0.47
12170620,0,0.4
12173055,0,0.44
12176657,1,0.54
12150051,0,0.48
12131835,0,0.49
12183170,0,0.49
12146193,1,0.56
12200716,1,0.57
12187189,0,0.48
12155001,0,0.48
12145445,0,0.44
12152968,0,0.43
12111590,1,0.58
12201687,1,0.53
12186500,0,0.4
12193194,0,0.4
12100053,0,0.38
12211274,0,0.39
12144264,0,0.45
12170393,0,0.5
12217924,0,0.43
12132130,0,0.49
12198311,0,0.47
12193975,1,0.51
12119595,0,0.44
12196445,0,0.46
12207222,0,0.43
12147957,0,0.46
12214473,0,0.41
12183424,1,0.53
12164442,0,0.48
12198748,0,0.4
12118977,0,0.43
12152476,0,0.42
12106567,0,0.45
12179798,0,0.48
12124212,1,0.55
12215449,1,0.57
12215240,1,0.52
12127074,0,0.5
12201351,0,0.46
12211768,0,0.48
12125373,0,0.42
12142873,0,0.45
12126345,0,0.41
12121189,0,0.42
12160048,1,0.53
12140397,1,0.52
12149146,0,0.5
12164665,0,0.43
12160731,0,0.39
12117256,0,0.44
12156958,1,0.54
12156796,0,0.5
12130766,0,0.48
12179299,0,0.41
12178622,0,0.41
12112790,0,0.45
12130937,1,0.52
12102222,0,0.45
12190091,0,0.44
12179093,0,0.47
12159097,0,0.49
12149944,0,0.5
12133493,0,0.5
12194467,1,0.55
12124328,0,0.47
12177193,0,0.43
12180074,0,0.43
12143175,0,0.45
12197151,0,0.46
12184159,0,0.47
12106900,0,0.47
12171204,0,0.45
12203087,1,0.53
12202220,0,0.4
12164581,0,0.45
12157152,0,0.45
12107294,0,0.43
12181891,1,0.64
12154457,0,0.44
12118326,0,0.47
12199816,0,0.45
12127762,1,0.53
12152637,0,0.42
12155802,0,0.44
12187785,0,0.5
12208474,0,0.44
12220892,0,0.47
12175499,0,0.47
12103475,0,0.5
12145215,0,0.48
12188248,1,0.55
12203773,0,0.41
12130839,0,0.42
12101177,0,0.45
12221447,0,0.48
12114075,1,0.51
12217373,0,0.5
12137556,0,0.49
12194919,0,0.43
12147745,1,0.57
12152360,0,0.42
12190870,1,0.56
12159107,1,0.51
12141741,0,0.47
12200441,1,0.51
12135015,0,0.46
12150087,1,0.53
12105678,1,0.52
12157634,0,0.48
12206152,1,0.56
12176443,0,0.49
12171372,0,0.48
12176072,0,0.39
12215636,1,0.52
12153964,0,0.49
12152668,0,0.46
12106813,0,0.47
12137477,0,0.47
12125210,0,0.5
12203535,1,0.54
12138534,0,0.4
12110924,1,0.53
12171331,1,0.52
12204609,0,0.42
12120826,0,0.46
12155121,0,0.43
12137497,0,0.39
12173910,0,0.41
12144847,0,0.43
12191537,0,0.48
12205815,0,0.49
12209918,0,0.48
12164350,0,0.44
12164261,1,0.51
12186441,0,0.47
12112145,0,0.37
12156228,1,0.52
12120518,1,0.54
12170957,0,0.44
12140973,1,0.52
12111233,0,0.46
12156645,1,0.53
12158997,0,0.42
12130787,0,0.43
12137769,0,0.46
12161726,1,0.57
12171696,0,0.5
12216150,1,0.53
12220073,0,0.44
12191811,0,0.46
12186029,1,0.52
12214324,0,0.48
12133070,0,0.45
12154587,0,0.49
12164960,0,0.39
12136678,0,0.49
12217610,0,0.38
12133011,1,0.55
12200219,0,0.48
12102866,0,0.46
12110319,0,0.38
12145621,0,0.49
12211880,0,0.49
12144907,0,0.46
12220565,0,0.48
12129096,1,0.55
12175600,1,0.51
12172939,0,0.36
12150863,0,0.5
12125585,0,0.42
12148962,1,0.54
12151113,0,0.42
12123027,1,0.51
12134014,0,0.4
12162218,0,0.48
12114173,1,0.57
12115264,0,0.5
12164174,0,0.35
12138567,0,0.47
12143398,0,0.48
12126885,0,0.38
12121535,0,0.46
12189097,1,0.51
12188640,1,0.55
12194372,0,0.48
12113359,1,0.52
12208804,0,0.44
12217204,1,0.55
12138257,1,0.52
12211961,1,0.56
12102572,0,0.46
12166937,0,0.42
12119826,1,0.53
12116549,0,0.4
12129285,1,0.55
12187459,0,0.43
12101956,1,0.56
12162684,0,0.32
12104162,0,0.4
12102722,0,0.42
12220206,0,0.46
12181833,0,0.47
12177408,0,0.36
12171898,1,0.51
12162851,0,0.41
12213176,0,0.5
12197080,0,0.42
12134539,0,0.42
12123588,1,0.55
12109533,0,0.37
12123118,0,0.46
12186585,1,0.52
12195411,1,0.51
12137780,1,0.55
12193487,0,0.5
12155649,0,0.37
12125508,0,0.48
12154208,0,0.5
12165094,0,0.41
12165726,0,0.49
12165275,0,0.5
12220487,0,0.44
12142848,0,0.46
12137902,0,0.4
12188704,1,0.59
12138054,0,0.48
12210890,0,0.49
12162437,0,0.44
12198854,0,0.49
12178820,0,0.5
12218588,0,0.47
12171753,1,0.55
12101061,0,0.5
12126043,1,0.55
12188348,0,0.42
12193427,0,0.38
12202294,0,0.46
12184118,0,0.37
12114442,0,0.44
12192905,0,0.49
12167475,0,0.47
12199383,0,0.4
12176240,0,0.43
12175711,0,0.49
12154364,0,0.5
12141256,0,0.42
12183440,0,0.5
12119527,0,0.49
12218723,1,0.52
12173286,0,0.45
12139373,0,0.46
12161718,0,0.47
12214313,0,0.44
12109584,0,0.48
12211942,0,0.49
12152672,0,0.45
12159347,0,0.48
12177402,0,0.49
12120250,0,0.47
12100434,0,0.43
12186531,0,0.44
12165310,0,0.38
12134456,0,0.48
12208857,1,0.53
12220639,1,0.56
12172913,0,0.47
12130115,0,0.41
12116115,0,0.4
12125411,1,0.53
12117946,0,0.46
12175474,1,0.53
12116902,0,0.45
12178018,1,0.54
12132565,0,0.46
12186030,0,0.37
12126026,0,0.47
12128857,0,0.45
12219842,0,0.4
12111873,0,0.46
12204260,1,0.54
12218814,0,0.32
12190816,0,0.43
12143255,0,0.5
12154280,1,0.51
12218572,1,0.52
12127439,1,0.52
12148413,0,0.49
12220354,1,0.51
12215437,0,0.48
12180503,1,0.54
12156091,0,0.43
12171848,0,0.47
12158793,0,0.47
12164430,0,0.44
12203738,0,0.5
12119904,0,0.41
12178274,0,0.44
12193708,0,0.45
12140915,0,0.44
12172025,1,0.53
12213658,0,0.5
12189251,0,0.39
12167171,0,0.48
12213609,1,0.53
12136202,0,0.5
12106750,0,0.42
12103675,0,0.35
12135261,0,0.43
12184880,0,0.5
12216302,0,0.4
12143495,1,0.54
12175815,1,0.51
12116787,0,0.43
12117696,0,0.47
12155111,1,0.53
12122292,1,0.51
12176259,0,0.42
12131940,0,0.43
12144568,0,0.42
12102446,0,0.44
12166851,0,0.43
12123938,0,0.41
12104785,1,0.52
12196919,0,0.47
12127675,0,0.48
12118988,1,0.51
12133182,0,0.46
12123566,0,0.5
12102545,0,0.47
12206043,0,0.47
12196056,1,0.57
12139268,1,0.54
12142002,0,0.46
12131998,0,0.47
12133593,0,0.49
12146528,0,0.47
12100006,0,0.48
12164926,0,0.38
12164273,0,0.43
12131063,0,0.37
12105061,0,0.42
12141938,0,0.43
12111382,1,0.53
12188254,0,0.49
12195245,0,0.4
12107368,0,0.44
12197608,1,0.52
12194335,0,0.38
12106484,0,0.44
12199880,0,0.48
12188822,0,0.48
12178763,0,0.41
12214900,1,0.54
12118707,0,0.5
12126432,1,0.55
12125628,0,0.49
12152491,0,0.5
12190275,0,0.39
12148603,0,0.48
12204498,0,0.36
12168996,0,0.39
12133653,1,0.53
12115431,1,0.56
12182460,0,0.43
12166364,1,0.61
12171438,0,0.46
12166628,0,0.48
12182545,1,0.53
12165700,0,0.5
12121235,0,0.43
12103352,0,0.5
12144488,0,0.4
12141072,0,0.47
12121077,1,0.54
12189640,1,0.54
12153729,0,0.42
12148064,0,0.41
12189440,1,0.51
12163677,0,0.37
12201817,0,0.43
12121060,0,0.44
12215634,0,0.48
12189969,0,0.48
12105025,1,0.54
12213511,1,0.55
12147923,0,0.46
12172098,0,0.47
12183108,0,0.41
12138371,0,0.31
12193130,1,0.52
12131097,0,0.48
12162605,0,0.45
12144246,1,0.51
12116877,0,0.49
12211264,1,0.57
12128317,0,0.44
12171939,0,0.49
12221639,0,0.49
12125627,0,0.44
12176207,1,0.52
12188334,1,0.59
12124718,0,0.46
12158114,1,0.51
12165188,0,0.46
12112819,1,0.51
12186305,0,0.38
12156213,0,0.42
12138332,0,0.46
12189103,0,0.44
12204481,0,0.46
12155454,0,0.5
12128869,0,0.47
12220470,0,0.47
12204881,0,0.45
12108282,0,0.45
12109541,0,0.44
12145880,0,0.49
12176964,0,0.36
12117596,0,0.46
12126300,0,0.42
12107070,0,0.32
12115754,0,0.4
12155954,0,0.43
12115970,0,0.48
12125834,0,0.47
12182424,0,0.46
12166543,0,0.4
12142805,0,0.41
12155222,0,0.5
12128780,0,0.4
12185315,1,0.55
12140951,1,0.54
12188574,0,0.48
12187526,0,0.46
12180926,1,0.51
12131785,0,0.48
12157132,0,0.42
12178222,0,0.42
12121872,0,0.46
12173209,0,0.47
12188828,0,0.5
12181890,0,0.46
12127829,0,0.48
12214611,0,0.41
12164833,0,0.5
12131216,0,0.45
12173146,0,0.45
12201321,1,0.56
12220982,0,0.41
12211632,0,0.49
12206579,1,0.56
12195934,0,0.48
12103910,0,0.48
12171787,0,0.46
12206792,0,0.47
12203849,0,0.5
12150408,1,0.52
12129636,0,0.31
12176677,0,0.43
12207337,1,0.55
12183870,1,0.53
12213465,1,0.51
12141833,0,0.44
12100963,0,0.44
12114216,0,0.34
12104512,0,0.48
12153306,0,0.41
12207628,0,0.47
12182283,1,0.56
12119812,0,0.44
12139171,0,0.36
12167182,0,0.5
12174279,0,0.47
12203262,1,0.51
12218182,1,0.52
12201279,1,0.51
12165429,0,0.45
12203556,0,0.48
12142082,1,0.55
12202473,0,0.46
12125474,1,0.59
12180139,0,0.49
12141431,0,0.38
12116702,0,0.43
12216535,0,0.49
12175558,0,0.38
12209004,1,0.6
12191186,1,0.56
12159728,1,0.54
12124378,0,0.48
12176421,1,0.56
12193738,1,0.51
12109483,0,0.32
12194789,0,0.39
12114299,1,0.53
12129157,0,0.46
12187135,1,0.56
12101413,1,0.51
12166774,0,0.45
12130037,0,0.48
12217570,0,0.5
12205965,0,0.36
12186088,0,0.49
12205361,1,0.56
12198003,0,0.49
12127392,1,0.53
12179206,0,0.45
12189957,0,0.5
12136416,1,0.54
12129206,0,0.49
12182581,0,0.45
12172512,1,0.51
12133276,1,0.54
12184248,0,0.48
12197582,0,0.47
12207029,0,0.39
12124111,1,0.51
12151860,1,0.52
12156374,1,0.51
12100293,0,0.5
12174948,0,0.45
12139778,1,0.56
12138309,0,0.5
12112782,0,0.5
12126485,1,0.54
12213476,1,0.51
12115908,0,0.42
12101923,0,0.5
12188583,1,0.57
12114830,0,0.48
12115942,0,0.39
12218100,0,0.42
12211474,0,0.41
12205918,0,0.42
12125434,0,0.36
12102430,1,0.51
12123772,0,0.43
12100596,0,0.47
12199226,0,0.43
12188007,1,0.52
12161489,0,0.48
12185134,0,0.42
12143657,0,0.41
12194653,0,0.42
12112992,1,0.53
12147795,0,0.5
12212843,0,0.47
12149341,0,0.48
12152748,0,0.43
12137359,0,0.46
12196697,0,0.5
12163078,0,0.44
12182421,1,0.56
12216151,0,0.49
12170839,1,0.52
12114804,0,0.41
12153955,0,0.42
12106528,1,0.54
12128289,1,0.54
12209500,1,0.54
12169656,0,0.49
12174750,1,0.53
12177378,1,0.52
12111622,0,0.31
12202628,1,0.51
12212020,0,0.42
12152556,0,0.44
12100212,0,0.46
12196393,1,0.54
12203083,0,0.5
12187100,1,0.6
12214470,1,0.51
12123061,0,0.4
12155430,1,0.54
12213716,1,0.52
12105044,0,0.45
12191813,0,0.46
12112756,0,0.45
12141793,1,0.55
12199836,1,0.57
12164533,0,0.45
12100560,0,0.39
12135049,0,0.44
12126910,0,0.44
12111827,0,0.41
12218306,0,0.41
12178954,0,0.39
12210015,1,0.52
12201143,0,0.49
12103307,1,0.59
12173485,0,0.5
12116311,0,0.46
12220962,0,0.5
12218641,0,0.43
12151807,0,0.45
12215627,0,0.47
12206856,0,0.43
12190795,0,0.44
12200596,1,0.52
12137453,1,0.52
12144898,0,0.4
12100337,0,0.41
12125884,1,0.51
12214204,0,0.37
12205758,0,0.46
12196279,0,0.47
12179006,0,0.49
12217520,0,0.42
12199314,0,0.4
12120010,0,0.47
12113683,0,0.5
12143653,0,0.43
12118646,0,0.46
12207609,0,0.5
12176224,0,0.47
12202843,0,0.38
12141542,0,0.46
12152519,0,0.45
12161041,1,0.52
12184789,0,0.44
12163334,0,0.39
12163704,1,0.55
12119779,1,0.55
12125081,0,0.47
12167723,0,0.5
12202713,0,0.49
12204960,0,0.48
12117594,0,0.4
12117139,0,0.43
12140369,0,0.45
12114404,1,0.58
12135920,1,0.57
12123154,1,0.57
12136278,0,0.43
12175206,0,0.48
12144533,0,0.39
12140739,1,0.53
12175005,0,0.44
12111477,0,0.39
12100247,0,0.44
12131821,1,0.55
12119529,0,0.45
12169916,1,0.52
12211671,0,0.5
12108001,0,0.35
12100412,0,0.45
12117412,0,0.43
12197158,1,0.52
12155072,0,0.4
12104638,1,0.51
12172882,1,0.53
12217206,1,0.52
12190944,0,0.32
12205547,0,0.44
12158211,0,0.5
12157417,1,0.52
12183555,0,0.5
12155383,1,0.53
12114361,0,0.43
12123250,1,0.51
12172625,1,0.52
12182815,0,0.46
12176523,0,0.42
12126016,0,0.47
12104763,0,0.45
12140232,1,0.52
12109242,0,0.43
12102781,0,0.41
12114243,0,0.41
12147405,0,0.5
12198610,0,0.41
12102515,0,0.4
12136058,0,0.49
12216588,0,0.47
12169766,0,0.45
12175416,0,0.48
12104359,0,0.44
12119308,0,0.42
12197958,1,0.52
12141381,0,0.49
12142835,0,0.5
12175071,1,0.55
12107580,0,0.49
12158435,0,0.45
12152405,0,0.37
12117760,1,0.54
12211293,0,0.42
12204839,0,0.46
12141097,0,0.4
12184415,1,0.51
12180283,0,0.49
12160152,0,0.38
12104321,0,0.42
12143410,0,0.39
12185087,0,0.45
12122813,0,0.4
12178606,1,0.52
12167620,0,0.43
12204645,0,0.4
12171090,1,0.54
12105455,1,0.56
12136607,0,0.5
12212990,1,0.52
12154256,1,0.53
12214092,0,0.47
12170639,0,0.46
12114864,0,0.46
12213874,1,0.51
12101939,0,0.5
12160666,0,0.48
12152828,0,0.35
12142671,0,0.48
12126155,0,0.34
12171352,0,0.4
12173755,0,0.49
12201950,0,0.49
12143651,0,0.47
12220729,0,0.46
12133141,1,0.56
12196107,0,0.46
12217986,0,0.49
12159274,0,0.37
12101723,1,0.54
12201713,0,0.46
12137674,0,0.45
12141042,0,0.47
12209710,1,0.56
12152738,1,0.57
12120560,0,0.43
12118769,0,0.4
12154897,0,0.47
12158330,1,0.55
12214468,1,0.55
12129416,1,0.58
12136318,1,0.51
12182498,1,0.51
12215608,0,0.45
12162607,0,0.44
12138918,0,0.49
12138650,1,0.58
12117949,0,0.44
12120019,0,0.31
12161657,0,0.47
12196806,0,0.44
12146684,1,0.54
12111079,0,0.41
12187230,1,0.51
12128321,0,0.46
12112206,1,0.6
12205612,0,0.5
12145117,1,0.56
12138755,0,0.48
12217449,1,0.51
12143747,0,0.42
12165052,0,0.33
12141804,1,0.54
12216541,0,0.43
12122846,0,0.39
12218296,0,0.47
12114632,0,0.48
12216868,0,0.46
12115909,1,0.52
12209448,0,0.46
12161324,0,0.41
12148978,0,0.43
12105105,0,0.5
12155788,1,0.55
12109178,0,0.48
12184477,0,0.49
12157330,0,0.48
12204059,1,0.53
12139555,0,0.43
12119517,0,0.49
12140168,0,0.35
12166809,0,0.47
12102391,0,0.41
12197105,0,0.44
12211736,0,0.42
12190943,0,0.47
12105466,1,0.56
12108372,1,0.52
12168997,0,0.47
12218403,0,0.38
12141066,0,0.44
12190173,0,0.49
12156523,0,0.37
12135471,0,0.5
12131948,0,0.46
12214099,1,0.54
12118708,0,0.48
12165672,0,0.45
12106193,0,0.43
12136714,1,0.52
12102125,1,0.53
12169624,0,0.44
12165027,1,0.53
12203333,0,0.5
12131332,1,0.53
12193105,0,0.4
12214184,0,0.5
12205118,0,0.44
12126626,0,0.5
12160722,0,0.44
12104343,0,0.45
12123923,0,0.48
12191847,0,0.49
12117550,0,0.44
12182534,0,0.48
12162059,0,0.46
12166311,0,0.45
12132840,1,0.51
12190147,0,0.48
12210156,0,0.48
12168714,0,0.48
12159053,1,0.55
12147514,0,0.32
12220291,1,0.56
12213781,0,0.46
12209926,0,0.36
12219821,0,0.39
12155760,1,0.54
12103516,0,0.45
12148510,0,0.49
12174547,1,0.53
12216129,0,0.48
12159604,0,0.48
12151522,0,0.48
12127263,1,0.52
12173053,0,0.44
12214390,1,0.51
12111421,0,0.42
12135990,1,0.55
12168680,1,0.54
12181909,0,0.45
12155912,1,0.52
12104435,0,0.41
12193086,0,0.43
12131359,1,0.57
12178047,0,0.49
12102434,0,0.42
12176311,0,0.4
12169143,0,0.47
12105969,0,0.47
12116450,0,0.5
12135644,0,0.48
12217565,0,0.44
12160687,1,0.55
12160972,1,0.54
12129623,0,0.47
12216402,0,0.48
12126385,0,0.39
12196047,0,0.44
12134000,0,0.45
12183147,0,0.47
12126587,0,0.42
12125814,0,0.46
12141553,1,0.58
12144542,0,0.49
12103120,0,0.33
12124501,0,0.5
12191819,1,0.51
12121944,0,0.39
12180768,0,0.42
12160584,0,0.46
12172943,0,0.5
12180673,1,0.6
12186236,1,0.52
12215804,0,0.49
12161464,0,0.36
12179778,0,0.48
12160198,0,0.44
12148367,0,0.41
12148267,0,0.44
12190195,1,0.52
12218765,0,0.49
12161053,0,0.5
12149299,0,0.48
12210047,0,0.47
12142920,0,0.46
12162353,0,0.44
12171996,1,0.51
12214030,1,0.51
12195535,0,0.5
12120874,0,0.39
12165779,0,0.47
12110153,0,0.45
12191761,0,0.48
12113377,0,0.43
12196185,0,0.41
12148834,0,0.46
12181234,1,0.51
12193681,1,0.52
12160667,1,0.53
12178797,0,0.49
12213215,0,0.45
12108134,0,0.42
12111309,0,0.45
12219002,1,0.51
12124584,0,0.47
12181663,1,0.52
12218548,0,0.39
12163206,1,0.54
12179754,1,0.65
12118376,0,0.45
12172194,0,0.47
12184516,0,0.44
12153120,0,0.42
12173725,0,0.37
12119594,0,0.43
12179138,0,0.43
12167687,0,0.36
12121802,1,0.56
12136638,0,0.49
12134611,0,0.49
12182936,1,0.52
12121665,0,0.4
12113978,0,0.34
12116248,0,0.43
12109154,0,0.47
12131587,1,0.59
12115519,1,0.57
12189822,0,0.45
12126837,0,0.44
12164429,0,0.47
12204309,1,0.53
12169587,1,0.52
12112096,0,0.46
12155666,1,0.56
12189602,0,0.45
12210297,0,0.49
12131515,0,0.45
12147537,1,0.53
12186994,0,0.44
12189039,0,0.5
12176600,0,0.43
12125001,0,0.32
12142814,0,0.47
12171102,1,0.52
12175846,0,0.45
12134831,0,0.34
12128029,0,0.42
12173282,1,0.52
12201397,1,0.51
12139376,1,0.52
12126575,0,0.38
12150590,0,0.5
12209899,0,0.44
12107867,0,0.44
12136055,0,0.41
12103604,1,0.55
12141169,1,0.55
12211320,0,0.44
12205798,0,0.44
12155346,0,0.48
12110933,0,0.39
12111815,0,0.42
12189158,0,0.49
12135812,0,0.46
12113479,0,0.48
12114678,0,0.41
12159744,0,0.48
12176805,0,0.48
12195694,0,0.47
12205015,0,0.38
12108121,0,0.38
12170922,0,0.41
12119178,0,0.5
12178550,1,0.53
12182023,1,0.51
12146704,1,0.52
12129983,0,0.35
12161623,0,0.41
12158453,1,0.53
12201490,0,0.47
12146693,0,0.47
12195596,0,0.45
12166798,1,0.55
12105362,0,0.48
12126727,0,0.48
12154123,0,0.48
12161448,0,0.37
12176655,0,0.36
12155756,0,0.37
12194652,1,0.52
12156832,0,0.4
12208840,1,0.52
12102946,1,0.6
12166486,0,0.48
12109413,0,0.41
12200954,1,0.52
12103477,0,0.47
12100389,0,0.44
12199428,0,0.5
12150752,1,0.53
12150687,0,0.44
12103573,0,0.36
12177345,0,0.44
12145552,0,0.45
12182005,1,0.63
12158359,0,0.49
12124529,0,0.46
12112674,1,0.57
12170169,1,0.57
12151651,0,0.48
12147317,0,0.49
12205104,1,0.53
12112655,0,0.41
12128018,1,0.57
12105318,0,0.42
12208666,0,0.42
12107379,1,0.51
12131285,1,0.51
12147415,1,0.51
12133430,0,0.5
12186279,0,0.43
12122231,0,0.47
12219951,0,0.46
12127080,1,0.51
12192357,0,0.42
12151031,1,0.6
12209456,0,0.43
12194709,0,0.49
12153055,0,0.45
12123044,0,0.46
12153803,0,0.43
12198291,0,0.44
12202120,1,0.55
12162163,1,0.54
12162951,0,0.44
12108874,1,0.51
12157970,0,0.48
12199408,0,0.48
12213657,0,0.44
12149634,1,0.56
12195681,1,0.58
12115317,0,0.37
12178279,0,0.37
12148148,0,0.42
12208771,0,0.45
12152160,0,0.41
12140953,0,0.44
12125376,0,0.46
12179818,0,0.46
12203993,1,0.52
12144145,0,0.47
12100381,0,0.44
12117521,1,0.54
12215399,0,0.49
12214809,0,0.46
12171266,0,0.44
12101567,0,0.46
12196784,0,0.43
12183119,1,0.53
12194996,0,0.48
12218295,0,0.4
12151735,0,0.5
12115912,0,0.45
12169050,0,0.39
12177208,1,0.51
12141767,0,0.49
12137503,1,0.55
12112209,0,0.45
12191386,0,0.48
12132103,0,0.35
12201893,1,0.52
12128434,0,0.5
12172878,0,0.39
12200736,0,0.48
12123219,0,0.49
12196596,0,0.47
12182926,0,0.38
12106342,0,0.44
12220727,1,0.53
12112559,0,0.41
12167655,0,0.41
12213395,0,0.47
12116597,0,0.47
12158605,0,0.49
12212305,0,0.44
12141967,0,0.39
12148793,0,0.47
12161048,0,0.45
12130287,0,0.42
12172133,0,0.47
12198074,1,0.57
12178725,0,0.42
12204581,0,0.47
12132061,0,0.42
12111317,0,0.45
12105375,1,0.59
12170612,0,0.43
12158873,0,0.37
12121674,0,0.47
12106849,1,0.57
12159040,0,0.45
12130588,0,0.42
12221678,1,0.52
12160272,0,0.48
12147603,1,0.57
12122597,0,0.45
12109795,0,0.37
12166829,0,0.46
12213801,0,0.5
12127411,0,0.41
12199780,0,0.45
12175823,0,0.42
12215927,0,0.47
12195998,0,0.46
12190203,0,0.44
12185929,1,0.53
12133959,0,0.36
12208010,0,0.41
12182126,1,0.54
12144932,0,0.43
12103005,0,0.45
12183469,0,0.45
12152936,0,0.48
12146725,0,0.43
12122199,0,0.46
12173828,0,0.44
12160141,1,0.51
12173730,0,0.41
12203230,1,0.51
12155120,1,0.55
12163955,0,0.44
12142768,1,0.51
12109595,1,0.52
12150886,1,0.54
12172415,0,0.46
12127497,0,0.49
12183929,0,0.46
12192804,0,0.42
12102963,0,0.42
12113336,0,0.48
12120663,0,0.49
12168100,0,0.37
12176678,0,0.46
12221819,1,0.53
12214532,0,0.5
12207390,0,0.43
12206051,0,0.44
12179047,0,0.47
12124897,0,0.47
12189931,0,0.49
12221511,0,0.45
12107942,0,0.34
12108048,1,0.57
12216052,0,0.4
12140653,0,0.46
12217543,0,0.48
12169159,1,0.61
12139949,1,0.54
12207897,0,0.4
12136073,0,0.44
12147681,1,0.54
12125614,1,0.51
12110645,0,0.44
12138312,0,0.47
12110649,0,0.5
12131218,1,0.55
12186123,0,0.45
12159222,1,0.51
12196994,1,0.56
12128011,0,0.44
12163764,0,0.48
12176406,1,0.52
12199539,0,0.41
12197583,1,0.51
12144289,0,0.48
12114125,0,0.47
12186937,0,0.46
12102034,0,0.4
12126437,0,0.41
12151332,0,0.5
12194344,1,0.51
12152816,0,0.41
12171318,1,0.56
12164579,0,0.39
12146274,0,0.46
12149106,1,0.54
12210498,1,0.62
12149955,0,0.4
12152814,1,0.55
12187773,0,0.47
12100431,0,0.41
12179546,1,0.56
12128291,0,0.41
12199652,0,0.44
12138763,0,0.45
12185326,1,0.51
12199194,0,0.43
12201389,0,0.48
12208041,1,0.54
12121198,0,0.47
12218042,0,0.47
12213989,1,0.54
12142268,0,0.4
12158538,1,0.53
12185826,0,0.48
12219301,0,0.5
12112476,1,0.51
12107191,0,0.47
12119632,0,0.47
12161853,1,0.56
12188721,0,0.49
12102764,0,0.4
12124034,0,0.48
12172888,0,0.47
12100215,0,0.44
12191001,1,0.52
12161681,0,0.43
12143189,1,0.51
12207432,0,0.43
12160890,0,0.5
12189476,1,0.53
12157902,0,0.46
12200737,0,0.47
12137287,0,0.47
12146794,0,0.4
12116060,0,0.48
12117639,0,0.47
12145230,0,0.45
12115168,0,0.44
12171259,0,0.43
12163267,0,0.42
12211310,1,0.58
12118166,0,0.49
12132014,0,0.46
12137074,0,0.39
12102923,0,0.43
12217802,0,0.44
12129811,0,0.43
12175528,0,0.36
12208697,0,0.46
12171846,0,0.46
12131240,0,0.48
12200179,0,0.4
12102902,0,0.43
12130202,1,0.52
12145960,1,0.53
12202564,0,0.49
12114439,0,0.42
12131872,0,0.42
12142162,0,0.44
12174708,0,0.47
12117341,0,0.44
12204287,0,0.4
12125618,0,0.5
12117668,0,0.43
12218443,1,0.53
12189387,1,0.57
12175531,0,0.45
12212471,0,0.41
12207490,0,0.5
12146048,1,0.55
12203081,0,0.5
12139817,1,0.53
12128495,0,0.47
12208204,0,0.38
12120499,0,0.48
12152785,0,0.44
12180691,0,0.45
12113270,0,0.42
12183907,0,0.46
12215832,1,0.54
12150861,1,0.51
12144842,0,0.42
12165799,0,0.42
12156260,1,0.52
12120342,0,0.45
12121513,0,0.42
12196799,0,0.41
12208866,0,0.45
12184370,0,0.49
12128551,0,0.43
12120359,0,0.45
12126342,0,0.5
12210962,0,0.47
12212412,0,0.47
12149738,0,0.48
12172378,0,0.39
12209291,0,0.42
12168122,0,0.48
12122566,0,0.49
12139845,1,0.56
12178688,0,0.49
12103865,0,0.44
12125482,0,0.43
12180595,0,0.4
12140042,0,0.47
12170522,0,0.46
12200365,1,0.54
12138950,0,0.44
12157584,0,0.46
12146625,0,0.41
12164966,0,0.49
12186165,1,0.57
12153657,0,0.44
12125065,0,0.47
12180337,0,0.4
12190163,0,0.49
12159112,1,0.53
12159723,0,0.39
12149742,0,0.5
12183723,0,0.4
12130183,1,0.51
12174858,1,0.51
12111862,0,0.34
12135640,0,0.45
12138342,0,0.43
12162201,0,0.46
12215297,0,0.46
12159276,0,0.39
12116720,0,0.4
12162029,0,0.43
12132878,0,0.5
12163459,0,0.47
12144355,0,0.45
12170788,0,0.48
12214965,1,0.52
12149062,1,0.51
12126239,0,0.45
12190182,0,0.44
12146994,0,0.42
12153864,1,0.53
12156482,1,0.54
12159798,0,0.46
12143631,0,0.35
12139133,0,0.5
12174667,1,0.59
12208722,0,0.37
12213151,0,0.49
12213822,0,0.48
12128487,1,0.56
12213682,0,0.49
12171230,0,0.48
12101557,1,0.53
12132657,0,0.44
12126929,0,0.38
12159832,1,0.51
12212771,1,0.53
12141034,0,0.49
12122241,0,0.45
12158585,0,0.39
12219055,0,0.45
12109840,0,0.46
12104868,0,0.49
12120927,0,0.47
12158619,0,0.41
12201316,0,0.5
12101048,0,0.41
12174371,0,0.49
12140126,0,0.5
12206738,1,0.53
12141580,1,0.53
12216477,0,0.43
12176260,0,0.43
12214888,0,0.5
12210078,1,0.53
12100413,1,0.52
12151901,1,0.54
12209550,0,0.47
12180842,0,0.5
12117699,1,0.53
12148344,0,0.5
12161672,0,0.33
12108436,0,0.43
12208872,1,0.56
12163037,0,0.4
12112548,1,0.56
12138069,1,0.54
12143344,0,0.49
12166235,0,0.39
12203465,0,0.49
12162903,0,0.49
12141802,1,0.51
12142618,0,0.46
12146054,1,0.55
12166087,0,0.41
12172801,1,0.55
12174201,0,0.41
12176051,0,0.48
12168051,0,0.38
12132476,0,0.42
12193767,0,0.47
12140001,0,0.43
12108902,1,0.51
12200508,1,0.54
12188496,0,0.49
12216464,0,0.5
12104815,0,0.44
12179273,0,0.41
12152823,0,0.44
12180876,0,0.46
12165783,1,0.51
12134872,0,0.42
12162475,1,0.52
12120907,0,0.43
12148619,0,0.5
12219056,1,0.57
12186246,0,0.44
12120548,0,0.46
12190128,1,0.56
12167988,1,0.52
12129172,0,0.41
12120264,0,0.46
12187347,0,0.45
12190222,0,0.47
12171293,0,0.49
12130232,0,0.3
12213820,0,0.48
12196658,1,0.51
12151525,1,0.58
12110736,0,0.47
12176936,0,0.42
12153156,0,0.41
12216219,0,0.49
12209512,0,0.43
12175172,0,0.48
12144815,0,0.41
12112128,0,0.41
12136401,0,0.45
12141373,0,0.44
12196856,0,0.4
12192024,0,0.48
12186961,0,0.45
12199624,0,0.42
12160957,1,0.55
12187914,0,0.5
12197083,1,0.52
12180047,1,0.51
12130578,0,0.42
12215764,0,0.44
12219181,0,0.47
12132078,0,0.49
12113073,1,0.56
12133434,0,0.47
12184211,1,0.56
12120562,0,0.41
12106598,0,0.4
12138081,0,0.46
12177751,1,0.52
12102985,1,0.53
12163662,0,0.42
12137853,1,0.59
12162549,0,0.4
12175102,0,0.45
12159754,0,0.38
12164967,0,0.36
12181334,0,0.41
12114838,1,0.53
12179821,0,0.34
12212086,1,0.51
12210377,0,0.47
12105529,0,0.45
12173450,0,0.43
12120507,1,0.55
12142267,0,0.48
12183909,0,0.5
12119502,0,0.46
12163203,1,0.51
12101354,0,0.47
12103290,0,0.39
12120417,0,0.39
12109606,0,0.49
12142321,0,0.43
12187778,0,0.46
12220366,0,0.5
12121564,0,0.43
12188983,0,0.47
12211960,0,0.49
12118586,0,0.45
12101779,1,0.55
12153429,0,0.39
12176558,0,0.41
12113635,1,0.52
12193826,1,0.52
12170408,0,0.45
12184508,0,0.47
12141512,0,0.47
12125007,1,0.54
12177776,0,0.43
12149600,0,0.45
12213333,1,0.51
12143557,0,0.44
12108526,0,0.49
12166457,0,0.41
12202941,0,0.4
12182334,0,0.42
12219908,1,0.51
12155891,1,0.54
12151989,1,0.62
12149357,0,0.47
12207883,0,0.47
12108881,0,0.41
12132826,1,0.51
12158773,0,0.49
12190643,0,0.43
12171429,0,0.36
12117751,0,0.49
12118421,1,0.51
12156762,0,0.38
12207321,0,0.45
12170248,1,0.53
12211656,1,0.53
12105664,0,0.48
12146253,0,0.41
12116446,1,0.54
12104300,0,0.38
12170636,0,0.45
12203828,0,0.38
12177130,0,0.48
12217684,0,0.47
12129895,0,0.43
12191203,0,0.47
12130682,0,0.45
12188195,0,0.46
12164537,0,0.48
12195952,0,0.47
12117408,0,0.35
12174303,0,0.41
12144382,0,0.38
12146981,0,0.47
12148727,0,0.47
12196281,0,0.49
12168928,1,0.52
12160499,0,0.47
12104234,1,0.56
12118173,0,0.4
12136760,0,0.4
12128036,0,0.44
12161373,0,0.48
12191993,0,0.49
12172052,1,0.57
12100803,0,0.41
12111966,0,0.41
12143363,0,0.49
12188277,1,0.56
12105968,0,0.48
12200114,1,0.54
12159685,1,0.54
12212951,1,0.58
12157151,0,0.46
12187064,0,0.37
12158736,1,0.51
12149818,1,0.52
12181635,1,0.55
12201306,0,0.47
12195732,0,0.45
12108098,0,0.48
12165147,0,0.45
12182287,0,0.45
12127804,0,0.46
12116580,0,0.5
12128062,0,0.33
12159575,0,0.46
12139620,0,0.46
12119013,1,0.53
12203795,1,0.57
12122685,0,0.47
12135455,0,0.4
12165805,0,0.44
12205274,0,0.46
12218790,1,0.51
12154447,1,0.58
12134204,0,0.5
12182318,1,0.55
12140572,0,0.5
12185577,1,0.55
12137504,0,0.47
12104748,0,0.46
12179991,0,0.5
12116572,0,0.44
12167384,0,0.44
12184427,1,0.59
12187452,1,0.52
12137873,1,0.67
12193901,0,0.41
12159583,1,0.52
12200816,0,0.41
12148596,0,0.45
12181222,0,0.35
12154104,1,0.53
12188199,1,0.53
12213329,0,0.42
12201751,0,0.44
12178075,0,0.42
12148953,0,0.4
12217258,1,0.52
12161329,0,0.48
12152775,0,0.48
12141496,0,0.42
12187897,1,0.51
12129468,1,0.57
12118714,1,0.52
12219584,0,0.39
12171773,0,0.43
12184021,1,0.53
12153845,1,0.53
12101883,0,0.37
12208932,0,0.41
12102935,1,0.52
12128897,0,0.48
12124129,0,0.44
12164225,0,0.48
12170623,0,0.45
